<?xml version="1.0"?>
<doc>
    <assembly>
        <name>Limbo.Umbraco.Seo</name>
    </assembly>
    <members>
        <member name="F:Limbo.Umbraco.Seo.Editors.Sitemaps.SeoPreviewEditor.EditorName">
            <summary>
            Gets the name of the editor.
            </summary>
        </member>
        <member name="F:Limbo.Umbraco.Seo.Editors.Sitemaps.SeoPreviewEditor.EditorAlias">
            <summary>
            Gets the alias of the editor.
            </summary>
        </member>
        <member name="F:Limbo.Umbraco.Seo.Editors.Sitemaps.SeoPreviewEditor.EditorView">
            <summary>
            Gets the URL of the view of the editor.
            </summary>
        </member>
        <member name="F:Limbo.Umbraco.Seo.Editors.Sitemaps.SitemapFrequencyEditor.EditorAlias">
            <summary>
            Gets the alias of the editor.
            </summary>
        </member>
        <member name="F:Limbo.Umbraco.Seo.Editors.Sitemaps.SitemapPriorityEditor.EditorAlias">
            <summary>
            Gets the alias of the editor.
            </summary>
        </member>
        <member name="T:Limbo.Umbraco.Seo.Models.Sitemaps.SitemapChangeFrequency">
            <summary>
            Enum class representing the change frequency of a page.
            </summary>
        </member>
    </members>
</doc>
